dayofyear_sin,dayofyear_cos,precip_last_1,precip_last_3,precip_last_7,temp_max_mean_7,temp_min_mean_7,precip_hours_last_7,precip_recent_mean,precip_any_last1,temp_week_range,wc_0,wc_1,wc_2,wc_3,wc_61,wc_63,wc_80,precip_next_3days
-0.6644834655228552,0.7473029667054297,0.0,6.060932515944401,6.060932515944401,17.382167948788016,7.815935969006695,4,4.040621677296268,0,9.566231979781321,False,False,True,False,False,False,False,0.0
-0.497204078446937,0.867633623354773,7.879766799049198,14.905385461492257,14.905385461492257,15.661528501223666,6.287926444108798,7,12.563512574011236,1,9.373602057114867,True,False,False,False,False,False,False,16.18
-0.0580255693287803,-0.9983150972033183,0.0,0.0,7.26826088527626,33.406642090777375,24.5378559028035,4,2.42275362842542,0,8.868786187973875,False,True,False,False,False,False,False,0.0
0.9655071658143364,0.2603764827344579,0.0,0.0,1.384616648656316,22.05552018822653,12.09039496114106,0,0.4615388828854387,0,9.96512522708547,False,False,True,False,False,False,False,3.9
-0.1944312200476619,-0.9809161537413774,0.0,0.0,0.0,34.49695179476566,24.20566436678657,0,0.0,0,10.291287427979086,False,False,False,True,False,False,False,0.0
0.2821076626819194,-0.9593827529490744,0.0,0.0,0.0,34.90125612162907,23.84632759178648,0,0.0,0,11.054928529842588,False,True,False,False,False,False,False,5.76
0.2882906407095177,0.957542952811672,0.0,21.1952802048056,37.64697433378087,16.652251562960625,4.988346211974648,19,19.61408484619549,0,11.663905350985978,False,True,False,False,False,False,False,3.05
0.9138076496466616,0.4061472386305788,0.0,24.90253814228015,26.415344113059355,18.9249476292703,9.36499289396266,13,17.105960751779836,0,9.55995473530764,True,False,False,False,False,False,False,7.7
0.753697664392914,-0.6572212950663319,0.0,0.0,0.0,31.6249810380882,22.170411944744,0,0.0,0,9.454569093344201,False,True,False,False,False,False,False,0.0
0.1371854040566005,0.9905453876091832,0.0,9.282586514792786,30.711294270997147,16.559663112237207,4.513635046895968,18,13.331293595263311,0,12.04602806534124,False,False,False,True,False,False,False,7.58
-0.4363729641045924,0.8997658785476209,23.886403023839584,40.06784133872844,54.9732268002207,14.972476763983336,5.711962338313003,29,39.64249038759624,1,9.260514425670333,True,False,False,False,False,False,False,13.29
0.4878471454423123,-0.8729290708206409,0.0,0.0,3.3474785212172407,33.26873439919198,23.21430709760642,2,1.1158261737390802,0,10.054427301585559,False,False,False,False,False,False,True,0.0
-0.7262249146041543,0.6874571793269664,0.0,0.0,0.0,18.11322683551192,9.42318921601584,0,0.0,0,8.69003761949608,False,False,False,False,True,False,False,0.0
-0.4822058478963534,0.8760579434344277,0.0,12.38848139877421,14.905385461492257,15.944292164202457,6.291177808643227,7,9.097955620088824,0,9.653114355559229,True,False,False,False,False,False,False,40.07
0.1648178466571979,-0.9863240225317866,0.0,0.0,5.755672398390308,35.061139465957034,24.582800057359368,3,1.9185574661301026,0,10.478339408597666,False,False,False,False,True,False,False,0.0
0.3953117887649151,-0.9185469991587164,0.0,0.0,0.0,32.98290322134234,23.783741662774883,0,0.0,0,9.199161558567457,True,False,False,False,False,False,False,0.0
0.9487718864399474,-0.3159618766579027,0.0,0.0,0.0,28.802210194624365,16.56741013075932,0,0.0,0,12.234800063865045,False,False,True,False,False,False,False,9.52
-0.9963950238187232,-0.0848348779057653,0.0,8.566984212498856,9.945362572652986,25.761839157284697,16.618848007556767,5,6.170782261717281,0,9.14299114972793,True,False,False,False,False,False,False,0.0
0.867098552281208,0.4981366284784057,0.0,9.62883858599784,26.78728974000789,19.323934017880617,9.930982324635536,14,12.138709442001911,0,9.392951693245081,False,True,False,False,False,False,False,1.51
0.9181214482844364,-0.3962991372689179,0.0,11.193787869596504,11.193787869596504,30.47001674832108,19.649146987699247,6,7.462525246397669,0,10.820869760621832,False,False,False,False,True,False,False,30.17
-0.4051645224207555,0.9142437912130228,9.28606462905392,37.17873450618256,61.239939620120616,15.70865475739988,6.398127791543577,37,35.90157958511903,1,9.310526965856305,False,False,False,True,False,False,False,0.0
0.9431964659565866,-0.3322354987159043,0.0,0.0,0.0,29.224125714516934,17.6707119875266,0,0.0,0,11.553413726990332,False,False,True,False,False,False,False,11.19
-0.9164086366943458,-0.4002439388573056,0.0,3.261087273594019,3.261087273594019,28.801290413407116,18.912666091452184,2,2.1740581823960126,0,9.888624321954932,False,False,False,False,True,False,False,0.0
-0.7277014757264233,-0.6858939875998227,0.0,0.0,0.0,31.808740386432824,21.24720582323133,0,0.0,0,10.561534563201494,False,False,False,False,True,False,False,0.0
0.3047192331091634,0.9524422234305676,0.0,7.765699842012581,30.06419476685619,16.594919281188233,4.245242738557551,13,12.609964869622923,0,12.349676542630682,False,False,False,False,True,False,False,3.05
0.5891760872322963,-0.8080046647350754,0.0,0.0,0.0,33.32774327178512,21.871745340375902,0,0.0,0,11.455997931409215,False,False,False,False,False,False,True,3.35
0.4169258813287286,0.908940487313808,0.0,0.0,15.07525646094815,15.699305541995036,4.774390971718939,7,5.025085486982717,0,10.924914570276098,False,False,False,False,False,False,True,19.11
0.98314697372215,-0.1828169249850196,1.0309623179984866,1.0309623179984866,1.0309623179984866,27.33701539861747,16.087785635169993,1,1.0309623179984866,1,11.249229763447477,False,True,False,False,False,False,False,0.0
-0.7607200913564104,0.6490800741100398,0.0,0.0,19.23857463402573,18.695530949848862,9.370113780076617,9,6.41285821134191,0,9.325417169772246,False,False,False,False,True,False,False,0.0
-0.9671667297977312,-0.2541427094613622,7.842760963491998,7.842760963491998,7.842760963491998,27.32572839313777,17.999882334098537,4,7.842760963491998,1,9.325846059039232,False,False,False,False,True,False,False,3.75
-0.9666180104000972,0.2562218218071163,0.3773761190283131,0.3773761190283131,2.8133875470239875,23.68252870417743,12.850410204179504,2,1.1893799283602047,1,10.832118499997925,False,True,False,False,False,False,False,16.52
0.6944521021088763,-0.719538934232584,0.0,0.2753737694631247,0.2753737694631247,31.910862605494987,21.58815605254057,0,0.18358251297541647,0,10.322706552954418,False,False,True,False,False,False,False,0.0
0.442168151967072,-0.8969321743510065,0.0,0.0,0.0,33.3956658660191,24.543201721601765,0,0.0,0,8.852464144417336,True,False,False,False,False,False,False,0.0
-0.666088855860977,-0.7458723993404063,0.0,0.0,0.0,32.61412707861096,21.802043752040163,0,0.0,0,10.8120833265708,False,False,False,False,True,False,False,0.0
-0.1923215052390948,0.9813319716704276,0.0,5.1230510758636525,15.47924049809976,15.178415736520025,5.303004846819524,8,6.867430524654471,0,9.8754108897005,False,False,False,False,True,False,False,0.0
-0.8247650844733614,-0.5654755126737576,0.0,0.0,0.0,30.88307226994456,20.164839292053266,0,0.0,0,10.718232977891294,True,False,False,False,False,False,False,0.0
-0.9474042892438844,-0.3200392362231385,0.0,0.0,3.261087273594019,28.16256402559868,19.11148102423859,2,1.0870290911980063,0,9.051083001360091,False,False,True,False,False,False,False,0.0
-0.7931896839451843,0.6089746507720486,0.0,19.23857463402573,38.81198031005376,18.855607154326567,7.72653867562258,18,19.35018498135983,0,11.129068478703987,False,False,False,False,True,False,False,0.0
-0.7379428103031386,0.6748632518680403,0.0,0.0,19.23857463402573,18.288732364036058,9.451403774710052,9,6.41285821134191,0,8.837328589326006,False,False,False,False,False,False,True,0.0
-0.1775291491870349,-0.984115542601034,0.0,0.0,0.0,34.5383734164345,24.64152502280901,0,0.0,0,9.896848393625493,False,False,True,False,False,False,False,0.0
0.3373010691361842,0.9413968285264122,0.0,3.0511844375006723,24.24646464230627,15.900838208836928,4.322525072359357,10,9.099216359935648,0,11.578313136477572,False,False,False,False,False,True,False,12.02
-0.9926289059345094,0.1211934614707368,0.468642421091085,1.0639160155901828,1.0639160155901828,24.090003050868518,14.631407409093253,2,0.8654914840904836,1,9.458595641775265,False,False,False,True,False,False,False,5.0
0.981124629771712,0.1933764744102058,19.93813720039671,23.8402142325232,23.8402142325232,21.643479900225312,12.652250953413946,11,22.539521888481033,1,8.991228946811367,False,False,False,False,True,False,False,6.67
-0.9994446170919858,-0.0333235257116313,0.0,0.0,8.566984212498856,25.33757799936705,15.368591382107224,4,2.8556614041662853,0,9.968986617259825,False,False,True,False,False,False,False,21.63
0.321057654185271,0.9470596510722284,3.0511844375006723,3.0511844375006723,33.11537920435686,16.314159649374346,3.814592962918962,14,13.072582693119402,1,12.499566686455385,False,False,False,False,False,True,False,12.02
-0.9620675724981452,0.2728112643340191,8.2461726024671,8.623548721495412,10.469437387903922,24.08429184845722,12.7676018012255,7,9.113052903955477,1,11.31669004723172,False,False,False,False,False,False,True,8.27
0.9724075561219968,-0.233288544075455,0.0,0.0,1.0309623179984866,26.70996783957698,16.341435451624108,1,0.34365410599949553,0,10.368532387952872,False,False,False,False,False,False,True,0.0
-0.9975590477788612,0.0698279757298708,0.0,0.0,21.630254601569096,24.50525364665803,15.910596092360274,10,7.210084867189699,0,8.594657554297756,False,False,False,False,False,True,False,1.06
0.8887010478292913,-0.458487129140088,0.0,17.720886655771487,41.36179062290616,29.97207347928665,19.463595354976057,23,19.694225759559217,0,10.508478124310592,False,True,False,False,False,False,False,11.09
0.5230943033491326,0.8522748088519838,0.0,0.0,21.80923846900079,16.778090668804435,5.703761145212279,13,7.269746156333596,0,11.074329523592155,False,True,False,False,False,False,False,0.0
0.5943761565849831,0.804187157621448,0.0,0.0,0.0,16.296665195254942,7.193481789923431,0,0.0,0,9.10318340533151,False,False,False,False,False,True,False,4.11
0.4727592092862775,-0.881191653407483,0.0,0.0,0.0,33.38366085622083,22.992928388243577,0,0.0,0,10.390732467977251,False,False,False,False,False,False,True,0.0
0.0794772999236214,-0.9968366760893436,0.0,0.0,0.0,34.53078077644788,24.338578436336796,0,0.0,0,10.19220234011108,True,False,False,False,False,False,False,7.27
-0.3893781415452015,0.9210779895789526,0.0,13.292331482342972,53.360172821071416,16.26253035826401,6.280210270467276,33,22.217501434471462,0,9.982320087796733,False,False,False,False,False,True,False,6.31
-0.9850556718215012,0.172236243027682,0.0,4.997916170694776,6.061832186284958,24.26640074549894,13.466292833656585,5,3.6865827856599114,0,10.800107911842357,True,False,False,False,False,False,False,1.85
0.2322429240090701,-0.9726578145718654,0.0,5.755672398390308,5.755672398390308,34.38784839202486,24.404840367512524,3,3.837114932260205,0,9.983008024512333,True,False,False,False,False,False,False,0.0
-0.981947190186646,0.1891552687200409,1.8458886664085088,2.4360114279956746,7.907720852693467,24.21091822063488,13.443777641832638,6,4.063206982365884,1,10.767140578802243,False,True,False,False,False,False,False,0.0
0.8584015232918917,0.512978386299228,0.0,15.222060245168652,26.78728974000789,19.035093473154035,10.194774170688005,14,14.003116661725514,0,8.84031930246603,False,True,False,False,False,False,False,1.51
0.9373419384643772,-0.3484108069446806,0.0,0.0,0.0,29.9826341081557,18.14021592341979,0,0.0,0,11.842418184735909,True,False,False,False,False,False,False,11.19
-0.3734765374130716,0.9276396261490464,0.0,9.28606462905392,53.360172821071416,15.81908305856082,6.609335015790308,33,20.88207915004178,0,9.20974804277051,False,False,False,False,False,False,True,6.31
0.1201261651823504,0.9927586335250792,0.0,13.839687665746936,41.00515492186412,17.093627764389325,4.305853227607863,24,18.28161419587035,0,12.787774536781463,False,False,False,False,False,True,False,0.0
-0.4208310085956556,0.9071390534005044,4.006266853289054,31.20926557897577,56.46258959079171,15.144102224234269,5.924490663773352,34,30.55937400768551,1,9.219611560460915,True,False,False,False,False,False,False,9.29
-0.8437282590292712,-0.5367705514607103,0.0,0.0,0.0,30.653859971439918,19.645508414042645,0,0.0,0,11.008351557397273,False,False,False,False,False,False,True,0.0
0.1880994176117975,0.9821499931752292,7.582779566924673,7.582779566924673,21.422467232671607,15.711960348836202,4.898925109965719,13,12.196008788840317,1,10.813035238870484,False,False,False,False,False,False,True,8.87
-0.2614143985111562,-0.965226663665613,0.0,0.0,0.0,35.056109545131804,24.11373609312313,0,0.0,0,10.942373452008674,False,False,False,False,False,False,True,4.45
0.976276611086932,-0.2165270852448143,0.0,1.0309623179984866,1.0309623179984866,27.386107641363648,15.9748130145983,1,0.6873082119989911,0,11.411294626765347,True,False,False,False,False,False,False,0.0
0.9871957872910084,0.1595132519726363,6.672437522765156,26.610574723161868,30.51265175528836,22.14066291571201,12.833811778556129,14,21.265221333738463,1,9.306851137155881,False,False,False,False,False,True,False,0.0
0.0966127018812031,-0.9953220513156602,0.0,0.0,0.0,34.96694642981949,24.21650981086881,0,0.0,0,10.750436618950676,False,False,False,False,False,True,False,0.0
-0.3594718130884228,-0.9331559438780432,0.0,0.0,4.452555494154093,36.06169429150129,24.173597538938942,3,1.484185164718031,0,11.888096752562348,False,False,False,False,False,True,False,0.0
-0.8149159841660796,-0.5795791048257605,0.0,0.0,0.0,30.75602273926764,20.09820192812123,0,0.0,0,10.657820811146408,False,False,True,False,False,False,False,0.0
-0.0064508641981051,-0.9999791929590824,0.0,7.26826088527626,7.26826088527626,33.75430157749137,24.343380206561484,4,4.84550725685084,0,9.410921370929884,False,False,False,True,False,False,False,0.0
-0.7825970017677834,0.6225286602431057,0.0,19.23857463402573,19.23857463402573,18.52455066982776,8.032293330209258,9,12.82571642268382,0,10.492257339618503,False,False,False,False,False,True,False,0.0
-0.2112757555821797,-0.9774264960104054,0.0,0.0,0.0,34.605409613908485,23.692649874858613,0,0.0,0,10.912759739049871,False,False,True,False,False,False,False,0.0
0.9995786855478958,-0.0290250133219752,0.0,0.5294859147724973,5.908108085023764,25.348684375477774,15.13211843319638,3,2.145864666598754,0,10.216565942281393,False,False,False,False,True,False,False,10.01
0.9335418911179212,0.3584683215124808,0.0,7.700975805639128,32.60351394791928,19.80567198058668,10.367094243701985,17,13.434829917852804,0,9.438577736884696,False,False,False,False,False,True,False,1.38
-0.8343701235229537,-0.5512045872199277,0.0,0.0,0.0,31.09409468901109,19.68757572347999,0,0.0,0,11.406518965531099,False,True,False,False,False,False,False,0.0
0.9952176027737294,-0.0976827678217159,0.0,10.009973593682568,10.539459508455064,26.34119748737328,14.891330092523592,7,6.849811034045878,0,11.449867394849687,False,True,False,False,False,False,False,0.0
0.6166212130956382,-0.7872599821916922,0.0,0.0,0.0,32.20942726373555,21.26924619076556,0,0.0,0,10.940181072969988,False,True,False,False,False,False,False,3.35
-0.749442336852196,0.6620696215153808,0.0,0.0,19.23857463402573,18.38880775643848,9.32647698372344,9,6.41285821134191,0,9.062330772715042,False,False,False,False,False,False,True,0.0
0.9933900548258936,-0.1147876255221272,0.0,0.0,10.009973593682568,27.138301552024014,14.36006829312691,7,3.336657864560856,0,12.778233258897105,False,False,False,False,True,False,False,0.0
-0.2280577712215202,-0.9736476020539838,0.0,0.0,0.0,34.73863556625253,24.31468575935393,0,0.0,0,10.423949806898602,True,False,False,False,False,False,False,0.0
0.9272375462179536,0.374473674486883,0.0,7.700975805639128,32.60351394791928,19.402007205587434,9.705292063301457,17,13.434829917852804,0,9.696715142285978,False,False,False,False,False,True,False,1.38
0.4012289854475009,0.9159777842484876,0.0,12.024072023447475,15.07525646094815,14.930042236755837,4.020876495869418,7,9.033109494798543,0,10.909165740886419,True,False,False,False,False,False,False,12.56
0.6081214998935419,0.7938439653781019,0.0,0.0,0.0,16.69207844280843,7.72624445758241,0,0.0,0,8.96583398522602,False,False,True,False,False,False,False,8.62
0.6029878670694714,-0.7977503570459932,0.0,0.0,0.0,33.061570305023835,21.43957143078441,0,0.0,0,11.621998874239424,False,False,True,False,False,False,False,3.35
0.8550745085896932,-0.518505144391157,0.0,11.09406390889214,28.814950564663626,30.27820060951609,19.725630379689544,16,13.303004824518588,0,10.552570229826546,False,False,False,False,True,False,False,3.4
0.9206588168102428,0.3903682146763026,7.700975805639128,7.700975805639128,34.11631991869848,19.403257564216656,9.740379272968877,17,16.506090509992244,1,9.662878291247779,True,False,False,False,False,False,False,1.38
-0.0236511272452315,-0.9997202729664084,0.0,0.0,7.26826088527626,33.35487232612085,25.032506881782982,4,2.42275362842542,0,8.322365444337866,False,False,True,False,False,False,False,0.0
-0.9748595108374124,0.2228204077947995,0.0,1.8458886664085088,7.31244725819437,23.736912030748137,13.155679820353363,5,3.052778641534293,0,10.581232210394774,False,False,False,False,False,False,True,8.62
0.248939808553767,-0.9685189578512204,5.755672398390308,5.755672398390308,5.755672398390308,34.54978929024054,24.60403386450735,3,5.755672398390307,1,9.94575542573319,False,False,False,False,True,False,False,0.0
0.8271893372462497,-0.5619233046832195,3.398298796523134,3.398298796523134,14.492362705415276,30.46188409849404,20.015784782479823,8,7.0963200994871825,1,10.446099316014216,False,True,False,False,False,False,False,0.0
0.5751899607119775,-0.8180198708443175,3.3474785212172407,3.3474785212172407,3.3474785212172407,33.486410132581604,22.47103375420244,2,3.3474785212172407,1,11.015376378379163,False,False,True,False,False,False,False,0.0
-0.9906923101615608,-0.136120338622667,0.0,1.378378360154131,5.12816181176927,25.874561306969472,16.728790049829435,2,2.168846723974467,0,9.145771257140037,False,False,False,True,False,False,False,8.57
0.9972495210773452,0.0741174251509441,0.0,0.0,6.672437522765156,24.668420459595406,13.246214945845514,3,2.2241458409217185,0,11.422205513749892,False,False,False,False,True,False,False,5.38
-0.8776087166898392,0.4793776594606945,0.0,0.0,0.0,20.9206582272312,10.452332493752012,0,0.0,0,10.468325733479189,False,True,False,False,False,False,False,19.57
0.1137195145859496,-0.9935128947338008,0.0,0.0,0.0,35.26017107282048,24.169315083707037,0,0.0,0,11.09085598911344,True,False,False,False,False,False,False,0.0
-0.8692328164574787,0.4944029842076189,0.0,0.0,0.0,20.544117666618376,10.086293591800638,0,0.0,0,10.457824074817738,False,True,False,False,False,False,False,19.57
-0.9878726596350432,0.1552662498599947,0.5901227615871658,5.46655859178586,6.061832186284958,24.139330932247145,14.199477327365113,5,4.039504513219328,1,9.939853604882032,False,True,False,False,False,False,False,1.85
-0.9998699583618592,-0.0161265732706577,0.0,0.0,8.566984212498856,25.671053680709,15.465684764242503,4,2.8556614041662853,0,10.205368916466497,False,False,False,False,False,True,False,21.63
0.14782713347053,-0.9890132145779884,0.0,0.0,5.755672398390308,35.196507558252605,24.445715106813115,3,1.9185574661301026,0,10.75079245143949,False,False,False,False,False,True,False,0.0
-0.9527692922168512,-0.3036950375106588,0.0,0.0,0.0,28.433091634538336,18.888520445735416,0,0.0,0,9.54457118880292,False,False,True,False,False,False,False,7.84
0.0279502982402103,-0.999609314096404,7.26826088527626,7.26826088527626,7.26826088527626,34.20885231321451,24.774691873565377,4,7.26826088527626,1,9.43416043964913,False,True,False,False,False,False,False,0.0
-0.5120551783114646,0.8589525565270845,4.508714599725011,7.025618662443058,15.52464203506372,17.160370243150123,5.643846036562705,7,9.019658432410596,1,11.516524206587418,False,False,True,False,False,False,False,20.74
0.7865965660866019,-0.6174672802835517,0.0,0.0,3.398298796523134,31.60758245196929,21.86855535016065,2,1.1327662655077113,0,9.739027101808638,False,False,False,False,False,True,False,0.0
0.6216868902665479,0.7832658619336791,4.113773461720337,4.113773461720337,4.113773461720337,16.57195141354597,7.681505494088546,4,4.113773461720337,1,8.890445919457425,False,True,False,False,False,False,False,4.51
0.2049661139694953,0.9787690698649216,0.0,7.582779566924673,16.86536608171746,15.6189278789746,5.430067005738378,10,8.14938188288071,0,10.188860873236223,True,False,False,False,False,False,False,22.3
-0.773138325570602,-0.6342374393978061,0.0,0.0,0.0,30.97240800184449,21.1031983229914,0,0.0,0,9.869209678853089,True,False,False,False,False,False,False,0.0
-0.9011686968561567,0.4334685453485363,0.0,0.0,5.1246813075593,21.3074375124066,10.163974504247332,4,1.7082271025197666,0,11.14346300815927,False,False,False,False,False,True,False,0.0
0.9312100364121948,-0.3644830148102912,9.521218446816862,9.521218446816862,9.521218446816862,29.344823639008325,18.627786791402087,5,9.521218446816862,1,10.717036847606238,False,True,False,False,False,False,False,14.12
0.0451410177739719,-0.998980624694158,0.0,0.0,0.0,34.108848833317715,24.82839437493579,0,0.0,0,9.280454458381925,False,False,False,False,False,True,False,7.27
-0.7621140503891487,-0.6474427960827475,0.0,0.0,0.0,31.0243689944392,21.62051444944108,0,0.0,0,9.403854544998119,False,True,False,False,False,False,False,0.0
-0.6400381082043503,-0.7683431655492202,0.0,0.0,0.0,33.23110029510138,22.48112868436729,0,0.0,0,10.749971610734086,False,False,False,False,True,False,False,0.0
0.8964562582905575,-0.4431322341826345,0.0,30.16800275330966,41.36179062290616,29.89824024413016,19.80447332249104,23,23.843264458738606,0,10.09376692163912,False,False,False,False,False,True,False,11.09
-0.2924059769510765,0.9562942772197722,1.5569923295699952,1.5569923295699952,7.864995951874986,14.667738564831591,6.079515956897096,4,3.6596602036716592,1,8.588222607934496,False,False,False,False,False,True,False,8.8
-0.3413465142450361,0.9399375283564132,6.308003622304991,6.308003622304991,43.486738128487545,15.579763632893345,7.463110165325193,27,18.700915124365842,1,8.116653467568153,False,False,True,False,False,False,False,1.56
-0.8935790198239952,0.4489059314938798,0.0,0.0,0.0,21.07901591368613,9.926374935385102,0,0.0,0,11.15264097830103,False,False,False,False,False,False,True,0.0
-0.6383844591746636,0.7697176640069217,0.0,0.0,6.060932515944401,16.65379347424587,7.711668379519322,4,2.020310838648134,0,8.942125094726547,True,False,False,False,False,False,False,8.5
0.2985688173637198,-0.9543881083175908,0.0,0.0,0.0,34.273824579410665,24.173885857962045,0,0.0,0,10.09993872144862,False,False,False,True,False,False,False,5.76
-0.9467139181463862,0.3220757010206104,0.0,8.270923534030612,16.894472255526026,23.231318370399958,11.646717771540269,10,8.388465263185546,0,11.584600598859689,False,False,False,False,False,True,False,5.12
-0.8786374941610006,-0.4774894280028383,0.0,0.0,0.0,30.026907808285504,19.134942145179316,0,0.0,0,10.891965663106188,False,False,False,True,False,False,False,0.0
0.4575313760742512,-0.8891934772070711,0.0,0.0,0.0,33.12409900334899,23.959180606163567,0,0.0,0,9.16491839718542,False,False,False,False,False,True,False,0.0
-0.9093882203647924,-0.4159483918249421,3.261087273594019,3.261087273594019,3.261087273594019,29.33542625950505,18.62899195974873,2,3.261087273594019,1,10.706434299756317,False,False,False,False,True,False,False,0.0
0.0515843668694083,0.9986686402879996,13.354692064418852,23.648552715285827,23.648552715285827,17.102202046126973,4.723853794288804,13,20.2172658316635,1,12.378348251838169,False,True,False,False,False,False,False,17.36
0.9111686353326632,-0.4120336369594263,12.447116097538174,14.119685520317816,23.64090396713468,30.310504968928747,20.232955078366263,13,16.735901861663557,1,10.077549890562484,False,True,False,False,False,False,False,17.72
-0.2944616217868008,-0.9556633054034706,0.0,0.0,0.0,35.9125528702855,23.98767549637405,0,0.0,0,11.924877373911453,False,False,False,False,False,False,True,4.45
-0.9288394302558068,0.3704825404820963,0.0,5.1246813075593,21.641777444057013,22.47759859493697,10.935602731569787,14,8.922152917205437,0,11.541995863367184,False,False,True,False,False,False,False,0.0
-0.886721063082993,-0.4623048304798108,0.0,0.0,0.0,29.278874680263268,18.42170992900466,0,0.0,0,10.857164751258608,False,True,False,False,False,False,False,3.26
0.8724040568049615,-0.4887853942889922,11.09406390889214,11.09406390889214,41.2620666622018,30.354244837152496,19.191769209330776,23,21.150064826662028,1,11.16247562782172,False,True,False,False,False,False,False,0.0
-0.451785789832884,0.8921264484954345,3.3165957018471346,16.181438314888858,31.08682377638112,14.91240324075766,5.384473453689362,16,16.86161926437237,1,9.527929787068299,False,False,True,False,False,False,False,37.18
-0.9417589340994614,-0.3362887301766837,0.0,0.0,3.261087273594019,28.43271615551534,19.87421562310662,2,1.0870290911980063,0,8.558500532408722,False,False,False,True,False,False,False,0.0
-0.8136678304455991,0.5813300798152042,0.0,0.0,19.57340567602803,18.868410899550724,7.704032938653145,9,6.52446855867601,0,11.164377960897578,True,False,False,False,False,False,False,19.24
0.8073707443023492,-0.5900444739548627,0.0,3.398298796523134,3.398298796523134,30.785766166312857,21.033348587796414,2,2.2655325310154226,0,9.752417578516443,False,False,False,False,False,True,False,0.0
0.9608854255574976,0.2769462022689364,0.0,0.0,1.384616648656316,21.82895612188224,12.119427798209164,0,0.4615388828854387,0,9.709528323673075,False,False,False,False,True,False,False,3.9
-0.957232443323312,0.2893199776186952,0.0,8.623548721495412,10.469437387903922,23.298610909359383,12.900444939778277,7,6.364328703133111,0,10.398165969581106,False,True,False,False,False,False,False,13.4
0.4934681416772373,0.8697638720650646,0.0,9.246528469430428,21.80923846900079,16.902946701653217,6.034746125755951,13,10.351922312810407,0,10.868200575897266,False,False,False,False,False,False,True,0.0
0.992098522791769,0.1254612333527367,0.0,6.672437522765156,30.51265175528836,22.61657982112676,13.11612363709018,14,12.395029759351173,0,9.50045618403658,True,False,False,False,False,False,False,0.0
-0.9155458729775467,0.4022135682368036,0.0,0.0,13.395604841589911,22.15602208508536,10.187506224943762,8,4.465201613863304,0,11.968515860141599,False,False,False,True,False,False,False,0.0
0.959078890034113,-0.2831389812281837,0.0,0.0,1.0309623179984866,26.748812578891968,15.439422349768224,1,0.34365410599949553,0,11.309390229123744,False,False,True,False,False,False,False,0.0
-0.4840885216389758,-0.8750190302029955,0.0,0.0,0.0,33.705752543103095,23.65417708016871,0,0.0,0,10.051575462934384,False,False,False,False,False,True,False,0.0
-0.5856957398073508,-0.8105309990194823,0.0,0.0,1.9972108467271117,33.84506430125277,22.51087001258493,2,0.6657369489090372,0,11.334194288667838,False,False,False,False,True,False,False,0.0
0.742280907086982,-0.6700888411055113,0.0,0.0,0.0,31.892718951980815,22.113840538438257,0,0.0,0,9.778878413542557,True,False,False,False,False,False,False,0.28
-0.0408443915432965,-0.9991655196610107,0.0,0.0,7.26826088527626,33.73385102515962,24.92443839313253,4,2.42275362842542,0,8.809412632027094,False,False,False,False,False,False,True,0.0
-0.9823516608469236,-0.1870433490699165,0.0,3.749783451615139,11.592544415107138,25.83798937743968,17.18596975056464,5,5.114109288907426,0,8.652019626875038,False,False,False,True,False,False,False,1.38
0.6990793005655562,0.7150441465537444,0.0,1.561246700777652,10.18501095529914,16.524802436650955,7.166895825210115,10,3.915419218692264,0,9.35790661144084,True,False,False,False,False,False,False,6.28
-0.5699010576127617,0.8217133225960594,0.0,8.499023372620663,8.499023372620663,17.08591269245793,7.038764079932672,4,5.666015581747108,0,10.047148612525259,False,True,False,False,False,False,False,2.52
0.9066860720977984,0.4218060770826634,0.0,24.90253814228015,26.415344113059355,19.134462327166204,9.580033871273894,13,17.105960751779836,0,9.55442845589231,False,False,True,False,False,False,False,7.7
-0.994788305609327,-0.1019618900517457,6.6085540598791965,8.566984212498856,9.945362572652986,25.875971666223705,16.947126751513537,5,8.373633615010347,1,8.928844914710169,True,False,False,False,False,False,False,0.0
0.9958270335100596,0.0912607217293118,0.0,0.0,26.610574723161868,24.17730346667363,13.091726282407324,12,8.87019157438729,0,11.085577184266308,False,False,False,False,True,False,False,5.38
-0.0751895764147581,-0.997169257247018,0.0,0.0,7.26826088527626,33.08352228058045,24.67268731475436,4,2.42275362842542,0,8.410834965826094,False,False,False,False,True,False,False,0.0
0.9395699859530622,0.342356891994542,1.384616648656316,1.384616648656316,33.9881305965756,20.664904038464783,10.777399471144884,17,12.252454631296077,1,9.8875045673199,False,False,False,True,False,False,False,0.0
0.3794528437245443,-0.925211078289358,0.0,0.0,0.0,33.1452874540988,23.62818618916365,0,0.0,0,9.51710126493515,True,False,False,False,False,False,False,0.0
0.2217721575564818,0.975098513039961,8.868914562050593,16.451694128975266,16.451694128975266,16.14356032776615,4.929162106251883,10,13.924100940000377,1,11.214398221514266,False,False,False,False,True,False,False,21.2
0.580454927809098,0.8142923779467267,0.0,0.0,0.0,16.27128934295622,7.335246375921844,0,0.0,0,8.936042967034375,False,False,False,False,False,False,True,4.11
0.4784338202547012,0.8781236129591848,2.696204097133468,9.246528469430428,21.80923846900079,16.654425743420028,5.621918003615631,13,11.250657011854896,1,11.032507739804396,False,False,False,False,True,False,False,0.0
0.1986479428801711,-0.9800709131432666,0.0,0.0,5.755672398390308,34.53653620301578,24.23675944544985,3,1.9185574661301026,0,10.29977675756593,False,False,True,False,False,False,False,0.0
0.6300720909843687,-0.7765366444428655,0.0,0.0,0.2753737694631247,32.07876825831156,21.482403262593827,0,0.09179125648770824,0,10.596364995717735,False,True,False,False,False,False,False,0.0
0.5175855102531889,-0.8556314858488706,0.0,0.0,3.3474785212172407,33.75477018338262,23.212054182203737,2,1.1158261737390802,0,10.542716001178881,True,False,False,False,False,False,False,0.0
-0.7157953492826645,-0.6983101158835581,0.0,0.0,0.0,31.86204657067194,21.39173697464859,0,0.0,0,10.470309596023348,False,True,False,False,False,False,False,0.0
-0.6267266965083301,-0.7792391467859886,0.0,0.0,1.9972108467271117,33.348287045612274,21.89810296807248,2,0.6657369489090372,0,11.450184077539795,False,False,False,False,False,False,True,0.0
0.7648913904341226,-0.6441592666722685,0.0,0.0,3.398298796523134,31.63875480049224,21.88692872494841,2,1.1327662655077113,0,9.751826075543828,False,False,False,True,False,False,False,0.0
-0.5267547528105542,0.8500173118187018,2.516904062718047,2.516904062718047,11.01592743533871,17.550333014556696,5.9552561107075,5,5.349911853591602,1,11.595076903849195,False,False,False,False,False,True,False,12.39
0.7799125224167177,0.6258885343075018,23.29134540988217,23.29134540988217,33.05654548913607,17.422905203208096,8.807994041909867,19,26.5464121029668,1,8.61491116129823,False,False,True,False,False,False,False,11.57
-0.9350748843515574,0.3544502230989869,0.0,5.1246813075593,22.019153563085325,22.51309299359611,11.513912765495546,14,9.047944956881542,0,10.999180228100565,False,False,False,False,True,False,False,0.0
0.9967506498213928,-0.0805490042187419,0.0,10.009973593682568,10.539459508455064,26.467670787914432,15.096026901168852,7,6.849811034045878,0,11.37164388674558,False,True,False,False,False,False,False,0.0
-0.999832969770105,0.0182765576816912,0.0,21.630254601569096,21.630254601569096,25.07777081904345,15.645603853977809,10,14.420169734379398,0,9.432166965065642,True,False,False,False,False,False,False,0.0
0.062318379354325,-0.998056320853012,0.0,0.0,0.0,34.33058267390794,24.868142268804565,0,0.0,0,9.462440405103376,False,False,True,False,False,False,False,7.27
-0.3754703786876205,-0.9268343944460492,0.0,0.0,4.452555494154093,35.95445601322587,24.21358987185479,3,1.484185164718031,0,11.740866141371082,False,False,False,False,False,True,False,0.0
0.8460288880917337,-0.5331370560318094,0.0,0.0,11.09406390889214,30.5372257988685,19.56914793522588,6,3.698021302964047,0,10.96807786364262,False,False,False,False,False,False,True,3.4
0.6612634749656385,0.7501537286959042,0.0,4.509990792801152,8.62376425452149,17.009353179470022,6.831938668727693,8,4.377918349107547,0,10.177414510742329,False,False,False,True,False,False,False,1.56
0.9997451236925734,0.0225762630415454,0.0,5.378622170251267,5.378622170251267,25.06796476988123,14.246044659337064,3,3.585748113500845,0,10.821920110544164,False,False,False,False,False,False,True,0.53
-0.9785481345802032,0.2060183203251708,0.0,1.8458886664085088,7.31244725819437,24.795010465549037,13.640323837066068,5,3.052778641534293,0,11.154686628482969,True,False,False,False,False,False,False,0.38
-0.4071294853542516,-0.9133704517637858,0.0,0.0,4.452555494154093,34.36752658687664,24.41971618366507,3,1.484185164718031,0,9.947810403211573,False,False,False,True,False,False,False,0.0
0.7067265555776158,-0.7074868024503348,0.2753737694631247,0.2753737694631247,0.2753737694631247,31.623782924325877,21.12717517334892,0,0.2753737694631247,1,10.496607750976956,False,False,True,False,False,False,False,0.0
0.4479449394078912,0.8940611451454876,0.0,12.562709999570362,24.58678202301784,15.58394167093556,5.286475840310729,12,12.383164007529402,0,10.297465830624832,False,False,False,False,False,True,False,9.25
-0.2426868445825954,0.9701046827361176,0.0,8.79919709266611,16.664193044541097,15.224077251746984,5.564524036125834,8,8.487796712402401,0,9.659553215621148,False,False,False,False,True,False,False,5.12
0.6433365204044917,-0.765583517007675,0.0,0.0,0.2753737694631247,32.10825487175841,21.923529977396896,0,0.09179125648770824,0,10.184724894361516,False,False,True,False,False,False,False,0.0
-0.8945422369764492,-0.4469834295196749,0.0,0.0,0.0,29.265822606335156,18.30217117862018,0,0.0,0,10.963651427714975,False,True,False,False,False,False,False,3.26
-0.9084917035725082,0.4179028888867866,0.0,0.0,5.1246813075593,22.019101807114048,10.074469851297502,4,1.7082271025197666,0,11.944631955816545,True,False,False,False,False,False,False,0.0
0.0859061042613327,0.9963032375991964,4.557101150954149,21.42870775620436,31.722568407071336,17.91682813451427,4.28814076032521,20,19.23612577140995,1,13.62868737418906,False,False,False,False,False,True,False,9.28
0.0172015754182605,0.9998520419557736,10.293860650866977,10.293860650866977,10.293860650866977,18.52958427237759,5.323335917038709,6,10.293860650866977,1,13.206248355338882,False,False,False,False,True,False,False,16.87
-0.6897960046655887,0.7240037789593305,0.0,0.0,0.0,17.698603931712086,7.861178491401843,0,0.0,0,9.837425440310241,False,False,False,False,False,False,True,6.06
-0.6772399381909484,0.7357622347736532,6.060932515944401,6.060932515944401,6.060932515944401,17.45245422237184,8.228976672318714,4,6.060932515944401,1,9.223477550053127,True,False,False,False,False,False,False,0.0
-0.6250496486104377,0.7805849965070866,0.0,0.0,6.060932515944401,16.46683563257917,7.442949164695338,4,2.020310838648134,0,9.02388646788383,True,False,False,False,False,False,False,8.5
0.986146248341595,-0.1658781989346316,0.0,0.0,10.009973593682568,27.6533005008287,16.177149418053975,7,3.336657864560856,0,11.476151082774724,False,False,False,True,False,False,False,1.03
-0.6913512362094071,-0.722518835873311,0.0,0.0,0.0,31.823411739057956,21.796754189988544,0,0.0,0,10.026657549069412,False,True,False,False,False,False,False,0.0
-0.8331829385891785,0.5529974600700271,0.0,19.57340567602803,19.57340567602803,19.44861521954285,8.49660258478457,9,13.04893711735202,0,10.952012634758281,False,False,False,False,False,False,True,19.24
-0.5139010013093099,-0.8578494977869303,0.0,0.0,0.0,34.11009704584429,23.53435059103077,0,0.0,0,10.575746454813522,True,False,False,False,False,False,False,2.0
0.1817597875913753,-0.9833429613388902,0.0,0.0,5.755672398390308,35.019089756409976,23.956495593706403,3,1.9185574661301026,0,11.062594162703572,False,False,False,False,False,False,True,0.0
0.9912685467787256,-0.1318585157173911,0.0,0.0,10.009973593682568,26.9967665941523,14.717314933787597,7,3.336657864560856,0,12.279451660364705,True,False,False,False,False,False,False,1.03
-0.543105239683432,-0.8396646346181323,1.9972108467271117,1.9972108467271117,1.9972108467271117,33.68754256630244,22.904012479315657,2,1.9972108467271117,1,10.783530086986783,False,True,False,False,False,False,False,0.0
0.8755389928586303,0.4831474640149685,1.512805970779204,1.512805970779204,16.734866215947857,19.37450874243917,9.854364967225006,8,6.586826052502089,1,9.520143775214162,True,False,False,False,False,False,False,24.9
0.7350336741329413,0.6780306024735381,0.0,6.2807498409958615,7.841996541773513,17.111348563931468,7.546758929131978,7,4.7075821275897916,0,9.56458963479949,False,False,False,True,False,False,False,3.48
0.5376773767406141,0.8431506618282,0.0,0.0,9.246528469430428,17.02351858856303,5.951255254066946,7,3.0821761564768093,0,11.072263334496082,False,True,False,False,False,False,False,0.0
-0.310856968243504,-0.9504567035349148,4.452555494154093,4.452555494154093,4.452555494154093,36.09729984421877,24.385442802752788,3,4.452555494154093,1,11.71185704146598,False,True,False,False,False,False,False,0.0
-0.7142921172691039,0.6998476771464064,0.0,0.0,0.0,17.657873881242292,9.80948174520467,0,0.0,0,7.8483921360376225,True,False,False,False,False,False,False,6.06
0.4632579225674916,0.8862235029485801,6.550324372296959,19.11303437186732,31.1371063953148,16.330217559116257,5.729173839278998,17,18.93348837982636,1,10.601043719837259,False,False,False,True,False,False,False,2.7
-0.9903973200352558,0.1382503109109819,4.40779340910761,4.876435830198695,5.471709424697792,24.396492344570337,14.365441176170084,4,4.9186462213347,1,10.031051168400253,False,False,True,False,False,False,False,2.44
-0.7393922635959241,-0.673274892250183,0.0,0.0,0.0,31.144378381419497,21.34774865091549,0,0.0,0,9.796629730504005,True,False,False,False,False,False,False,0.0
-0.975336388076784,-0.2207236509605013,3.749783451615139,11.592544415107138,11.592544415107138,26.881790679548036,16.75141728542313,5,8.978290760609804,1,10.130373394124906,False,False,True,False,False,False,False,1.38
0.3312212278016865,-0.9435531242349544,0.0,0.0,0.0,34.487303360920826,23.737835633759264,0,0.0,0,10.749467727161562,False,False,False,False,False,False,True,0.0
-0.8517119107469193,0.5240103253675749,19.57340567602803,19.57340567602803,19.57340567602803,20.245911742945903,9.576265000878992,9,19.57340567602803,1,10.669646742066911,False,False,True,False,False,False,False,0.0
0.6819721490904629,-0.7313781428679254,0.0,0.2753737694631247,0.2753737694631247,31.994534577594443,21.83399363723736,0,0.18358251297541647,0,10.160540940357084,False,True,False,False,False,False,False,0.0
0.8837203473619977,0.4680153284438345,0.0,1.512805970779204,16.734866215947857,19.166613364436447,8.952839838909652,8,6.082557395575687,0,10.213773525526795,False,False,False,False,True,False,False,24.9
0.7187918772884232,-0.6952253139408722,0.0,0.0,0.0,31.44686104112366,21.778709093995094,0,0.0,0,9.668151947128568,False,False,False,False,False,True,False,0.28
0.7971015927871941,-0.6038452208771038,0.0,0.0,3.398298796523134,31.435001211541564,21.114868873641235,2,1.1327662655077113,0,10.32013233790033,False,True,False,False,False,False,False,0.0
0.1542040475626894,0.988039023376751,0.0,0.0,30.711294270997147,16.432083078233426,4.513075291058253,18,10.237098090332383,0,11.919007787175172,False,False,False,False,False,True,False,7.58
0.8992961915530254,0.437340096330332,24.90253814228015,24.90253814228015,36.04418269905719,18.916790184345643,9.59753561924161,19,28.61641966120583,1,9.319254565104034,False,False,False,False,True,False,False,7.7
0.2551824131233728,0.966892928939152,13.429580362793018,22.29849492484361,29.881274491768284,16.14160760108046,5.229483820355448,16,21.869783259801636,1,10.912123780725011,False,False,True,False,False,False,False,7.77
0.4266740831899246,-0.9044054548343,0.0,0.0,0.0,33.932020091906125,24.553486397537664,0,0.0,0,9.37853369436846,False,False,True,False,False,False,False,0.0
0.6482618097757123,0.7614175109532997,4.509990792801152,8.62376425452149,8.62376425452149,17.20995067976974,6.737086548776138,8,7.252506433948043,1,10.472864130993603,False,False,False,False,False,False,True,1.56
-0.5839514998577005,0.8117885474764608,0.0,8.499023372620663,8.499023372620663,17.001143381660103,6.837014413642035,4,5.666015581747108,0,10.164128968018069,True,False,False,False,False,False,False,0.0
-0.9521140536681102,0.3057430764672831,8.270923534030612,16.517096136497713,16.894472255526026,22.912808096191014,12.27117127471892,10,13.894163975351452,1,10.641636821472094,False,False,False,True,False,False,False,5.12
-0.5574684374327888,-0.8301981337405215,0.0,1.9972108467271117,1.9972108467271117,33.62364430700318,22.459856641089097,2,1.3314738978180745,0,11.163787665914086,False,False,True,False,False,False,False,0.0
-0.9945667569706336,0.1041007489354256,0.0,0.5952735944990977,22.225528196068197,24.40463891682854,15.12451511939483,11,7.606933930189098,0,9.280123797433708,False,False,False,False,False,True,False,5.47
-0.8035476485339116,0.5952404359043674,19.23857463402573,19.23857463402573,38.81198031005376,18.88049358122063,8.24491619322322,18,25.76304319270174,1,10.63557738799741,False,False,False,False,False,True,False,0.0
-0.8048257371083452,-0.593511190196115,0.0,0.0,0.0,31.0744236115971,20.6102256314018,0,0.0,0,10.464197980195301,False,False,False,False,False,False,True,0.0
-0.4227806579826773,-0.9062320427107696,0.0,0.0,0.0,34.198963051052644,24.31095190282525,0,0.0,0,9.888011148227395,False,False,False,False,False,False,True,0.0
-0.4990686026885315,-0.8665624788845387,0.0,0.0,0.0,34.31572497219323,23.12832726829395,0,0.0,0,11.18739770389928,False,False,True,False,False,False,False,2.0
-0.6115298757991053,0.7912213413483807,0.0,0.0,6.060932515944401,16.339317617516034,7.788594546318604,4,2.020310838648134,0,8.55072307119743,False,False,False,False,True,False,False,8.5
-0.9296339319682696,-0.3684843993077793,0.0,0.0,3.261087273594019,28.64886104322061,18.85752938126702,2,1.0870290911980063,0,9.791331661953588,False,True,False,False,False,False,False,0.0
-0.1414440676879411,0.989946248902378,0.0,0.0,5.1230510758636525,13.894371491943897,4.679151765441441,3,1.7076836919545508,0,9.215219726502456,True,False,False,False,False,False,False,9.99
-0.5978291414589544,0.8016235510652425,8.499023372620663,8.499023372620663,14.559955888565064,17.078811624750443,8.058325710708155,8,10.519334211268797,1,9.020485914042288,False,False,False,False,True,False,False,0.0
-0.9977068927101168,-0.0676827617545516,0.0,6.6085540598791965,9.945362572652986,25.78952809103969,15.841262290294576,5,5.517972210844061,0,9.948265800745112,False,True,False,False,False,False,False,0.0
-0.3271603271220955,-0.9449688462364056,0.0,4.452555494154093,4.452555494154093,35.833030105082294,24.658026469181294,3,2.968370329436062,0,11.175003635901,False,False,False,True,False,False,False,0.0
0.3474028211842774,-0.9377159910299092,0.0,0.0,0.0,33.959873691575794,23.20411045192912,0,0.0,0,10.755763239646672,False,False,False,True,False,False,False,0.0
0.6866759803451553,0.726963615332308,0.0,1.561246700777652,10.18501095529914,16.90138327562646,7.50412798953573,10,3.915419218692264,0,9.397255286090731,False,False,True,False,False,False,False,6.28
-0.5716666713027055,-0.8204859638785325,0.0,1.9972108467271117,1.9972108467271117,33.38230699280077,22.14854319176713,2,1.3314738978180745,0,11.233763801033643,False,False,False,False,False,True,False,0.0
-0.1435724234118117,-0.9896398128792412,0.0,0.0,0.0,34.23183414112638,25.215116806239337,0,0.0,0,9.01671733488704,False,False,False,False,False,False,True,0.0
-0.97139528468375,-0.2374683155584675,0.0,7.842760963491998,7.842760963491998,27.29532103289656,17.634276026835767,4,5.228507308994666,0,9.661045006060792,False,True,False,False,False,False,False,3.75
0.9682507501166718,-0.2499809690726521,0.0,0.0,1.0309623179984866,27.39777394235468,15.882254654412312,1,0.34365410599949553,0,11.515519287942366,False,False,False,False,False,True,False,0.0
0.8009803309782906,0.5986906625177213,0.0,23.29134540988217,26.77579564814021,17.68333763858905,9.728101070492691,14,16.689047019340794,0,7.95523656809636,False,True,False,False,False,False,False,11.57
0.034398060613608,0.9994082116062598,0.0,10.293860650866977,10.293860650866977,17.167908286524717,4.973973406906655,6,6.862573767244651,0,12.193934879618062,False,False,False,False,False,False,True,21.43
0.757921627497347,0.6523456189565258,0.0,3.484450238258038,9.7652000792539,17.727233604525832,7.970118002204595,6,4.416550105837312,0,9.757115602321237,False,True,False,False,False,False,False,23.29
0.984305844499033,0.1764709734915216,0.0,19.93813720039671,23.8402142325232,21.830477316495404,12.557720297830176,11,14.592783810973302,0,9.272757018665228,False,False,False,False,True,False,False,6.67
-0.3913578365610263,-0.9202385798054074,0.0,0.0,4.452555494154093,34.81676039888628,24.794619046638854,3,1.484185164718031,0,10.022141352247427,False,True,False,False,False,False,False,0.0
0.5663619330814524,0.8241566360566663,0.0,0.0,2.696204097133468,16.57336764872542,6.953253111124605,2,0.8987346990444894,0,9.620114537600815,False,False,False,False,True,False,False,0.0
-0.9854237542919524,-0.1701176783204905,1.378378360154131,1.378378360154131,12.970922775261268,25.862936126309258,17.111729600272792,6,5.24255983185651,1,8.751206526036466,False,False,False,False,False,False,True,1.96
0.9999300657962056,-0.0118263906918325,0.0,0.5294859147724973,5.908108085023764,25.659023096248426,15.287942474984694,3,2.145864666598754,0,10.371080621263731,False,False,False,False,False,True,False,10.01
0.7905633969115482,0.612380204990065,0.0,23.29134540988217,26.77579564814021,17.531457649674753,9.391211442864613,14,16.689047019340794,0,8.14024620681014,True,False,False,False,False,False,False,11.57
-0.9882042449941422,-0.15314166701312,0.0,1.378378360154131,12.970922775261268,25.53695983841649,17.007407524370883,6,4.7831003784718,0,8.529552314045606,False,False,False,False,False,False,True,8.57
-0.852836721769459,-0.5221776766595088,0.0,0.0,0.0,30.729739112164896,19.52401300320428,0,0.0,0,11.205726108960615,False,False,False,False,False,True,False,0.0
0.2385125751940764,0.9711394088771652,0.0,8.868914562050593,16.451694128975266,15.937755391253807,5.184680979967648,10,8.44020289700862,0,10.75307441128616,False,False,False,False,True,False,False,21.2
0.9992088560679752,0.0397701138460559,5.378622170251267,5.378622170251267,5.378622170251267,24.728407738003,13.702279955530546,3,5.378622170251266,1,11.026127782472454,False,False,False,False,True,False,False,0.53
-0.9999994220246924,0.0010751512827982,21.630254601569096,21.630254601569096,28.23880866144829,25.46120593564313,15.56200674626973,14,23.833105954862162,1,9.899199189373398,False,False,True,False,False,False,False,0.0
0.2655630278040559,-0.9640935007889756,0.0,0.0,0.0,34.79611806730134,23.94741136510169,0,0.0,0,10.848706702199653,False,False,True,False,False,False,False,5.76
-0.225963608248019,0.974135744004672,5.1230510758636525,13.922248168529762,15.47924049809976,14.890402988961188,5.22577275660732,8,11.508179914164392,1,9.664630232353868,False,False,False,False,False,True,False,0.0
0.7306444969184916,-0.6827580970759147,0.0,0.0,0.0,31.315135611622825,21.909677401707977,0,0.0,0,9.405458209914848,False,False,False,True,False,False,False,0.28
-0.8425720899866032,0.5385835804920232,0.0,19.57340567602803,19.57340567602803,19.60880044724084,9.01569481287437,9,13.04893711735202,0,10.593105634366468,False,False,False,False,False,False,True,0.0
-0.3574644155648614,0.9339267592294762,0.0,0.0,40.49533020802969,15.902881488151456,7.245649917343379,26,13.498443402676564,0,8.657231570808076,False,False,True,False,False,False,False,6.31
-0.7021479494046978,0.7120310787787131,0.0,0.0,0.0,17.82130486403873,9.203482671186723,0,0.0,0,8.617822192852007,False,False,False,False,False,False,True,6.06
-0.8702939222685669,-0.4925327287220551,0.0,0.0,0.0,29.66961533061356,19.11929284694224,0,0.0,0,10.55032248367132,False,False,False,False,False,False,True,0.0
0.8111602420785621,0.5848239578463323,11.565229494839237,11.565229494839237,38.34102514297945,17.586297821150616,10.440883063442389,20,20.490494710885972,1,7.145414757708227,False,True,False,False,False,False,False,5.59
0.769030859258918,0.6392116531380589,0.0,3.484450238258038,9.7652000792539,17.039381562967485,8.343922170444532,6,4.416550105837312,0,8.695459392522952,False,False,False,False,False,False,True,23.29
0.1307926758567587,-0.991409741702304,0.0,0.0,0.0,35.375073893752194,24.09705812845667,0,0.0,0,11.278015765295525,False,False,True,False,False,False,False,0.0
-0.1265278168386827,-0.9919630595773395,0.0,0.0,0.0,33.98036444339348,25.19624112368877,0,0.0,0,8.784123319704715,False,False,True,False,False,False,False,0.0
-0.1584517749608372,0.9873667175937014,0.0,0.0,13.922248168529762,14.555377918298015,5.238830028493216,7,4.640749389509921,0,9.316547889804799,False,False,False,False,False,False,True,9.99
-0.0923313336953916,-0.9957283388645872,0.0,0.0,0.0,33.194023456110564,25.06322998224479,0,0.0,0,8.130793473865776,True,False,False,False,False,False,False,0.0
0.2154773150467301,-0.976508846196619,0.0,5.755672398390308,5.755672398390308,34.254219939112694,23.682772290531563,3,3.837114932260205,0,10.571447648581131,True,False,False,False,False,False,False,0.0
0.8494504794814806,0.527668345562516,9.62883858599784,15.222060245168652,26.78728974000789,18.850786883143773,10.130534075238502,14,17.212729523724793,1,8.72025280790527,False,False,False,False,True,False,False,1.51
0.7465881145324131,0.6652865452111115,3.484450238258038,3.484450238258038,11.326446780031551,17.177193137372893,7.36857305295838,8,6.098449085515877,1,9.808620084414512,False,True,False,False,False,False,False,23.29
-0.7944973291665992,-0.6072676460566135,0.0,0.0,0.0,30.71142581525172,20.72347571044981,0,0.0,0,9.987950104801907,True,False,False,False,False,False,False,0.0
-0.935834897334994,-0.3524387108846032,0.0,0.0,3.261087273594019,29.01132572084196,19.29257183325586,2,1.0870290911980063,0,9.7187538875861,False,False,False,False,False,False,True,0.0
0.3694836834473831,0.9292372181882051,12.024072023447475,12.024072023447475,22.84095630296073,15.30134934339164,3.480010033688091,10,15.62970011661856,1,11.82133930970355,False,False,False,False,False,False,True,0.0
-0.7717727365467837,0.6358984534680745,0.0,0.0,19.23857463402573,18.55798105658709,8.838291894956486,9,6.41285821134191,0,9.719689161630603,False,False,False,True,False,False,False,0.0
0.3634816124829059,-0.9316013725767188,0.0,0.0,0.0,33.311131649473914,23.36505723707374,0,0.0,0,9.946074412400176,False,False,False,False,False,False,True,0.0
-0.9986126020839734,0.0526580569246131,0.0,0.0,21.630254601569096,24.824351717872307,15.902181126148044,10,7.210084867189699,0,8.922170591724264,True,False,False,False,False,False,False,0.6
-0.1605745445949942,-0.9870237158387382,0.0,0.0,0.0,34.1121513980437,24.702837069597223,0,0.0,0,9.409314328446477,False,False,False,False,True,False,False,0.0
-0.9410336347451196,0.3383130181923076,5.1246813075593,13.395604841589911,22.019153563085325,23.062111082239344,12.03883983456391,14,13.513146570744846,1,11.023271247675433,False,True,False,False,False,False,False,0.0
-0.9626519747161488,-0.2707418984477633,0.0,0.0,0.0,27.776830929353224,18.3135399749557,0,0.0,0,9.463290954397525,False,False,False,False,True,False,False,11.59
-0.8235472349556007,0.5672476988027229,0.0,0.0,19.57340567602803,19.02588846949079,8.095303588393714,9,6.52446855867601,0,10.930584881097078,False,False,False,False,True,False,False,19.24
0.5322271388474397,-0.8466016020976267,0.0,0.0,3.3474785212172407,33.85803176164858,22.727244352998135,2,1.1158261737390802,0,11.130787408650448,False,False,False,True,False,False,False,0.0
0.7758587728069828,-0.6309066211876704,0.0,0.0,3.398298796523134,31.148309839011283,22.000163098777552,2,1.1327662655077113,0,9.14814674023373,False,False,False,False,False,False,True,0.0
0.5027907197793039,-0.864408174477665,0.0,0.0,3.3474785212172407,33.658623621652275,23.07792597946186,2,1.1158261737390802,0,10.580697642190415,False,False,False,False,False,True,False,0.0
0.9888537064205885,-0.1488903868564546,0.0,0.0,10.009973593682568,27.223349809306654,15.373872491653431,7,3.336657864560856,0,11.849477317653223,False,True,False,False,False,False,False,1.03
0.998376906467142,0.0569521960340397,0.0,0.0,6.672437522765156,25.12065442881209,13.582166855872156,3,2.2241458409217185,0,11.538487572939935,False,False,True,False,False,False,False,5.91
-0.5556819724760489,0.8313949395234058,0.0,0.0,8.499023372620663,17.449981697576554,7.256665767649742,4,2.833007790873554,0,10.193315929926811,True,False,False,False,False,False,False,7.03
-0.5285813283559295,-0.8488826652214551,0.0,0.0,0.0,33.96919355037026,23.765586953945903,0,0.0,0,10.203606596424354,False,True,False,False,False,False,False,2.0
0.8638670987837351,-0.5037197987363337,0.0,11.09406390889214,41.2620666622018,30.270160805068,19.635892193206864,23,17.45204352369798,0,10.634268611861135,False,False,False,False,False,False,True,0.0
-0.1243945048397999,0.9922328391893008,9.990889615666854,9.990889615666854,15.113940691530503,13.944522674115335,4.729027822096239,8,11.698573307621404,1,9.215494852019095,False,True,False,False,False,False,False,0.0
0.3534446712740876,0.9354554315134164,0.0,3.0511844375006723,24.24646464230627,15.187625367263166,3.959270346833861,10,9.099216359935648,0,11.228355020429305,False,False,False,False,False,True,False,12.02
-0.1094457686489151,-0.9939927684469582,0.0,0.0,0.0,33.367063777298924,24.67021877572565,0,0.0,0,8.696845001573273,True,False,False,False,False,False,False,0.0
0.945320046913132,0.3261441535642696,0.0,1.384616648656316,9.085592454295444,20.80991446198877,11.09387406284184,4,3.49006970098392,0,9.716040399146932,True,False,False,False,False,False,False,0.0
0.9638074231367308,-0.2665994206792933,0.0,0.0,1.0309623179984866,27.332898749471752,16.03994243623581,1,0.34365410599949553,0,11.292956313235944,False,False,True,False,False,False,False,0.0
-0.9987235240803972,-0.050510617185222,0.0,0.0,8.566984212498856,25.7476933299635,15.801651505990478,4,2.8556614041662853,0,9.946041823973022,False,False,False,False,False,True,False,21.63
-0.2759129450029604,0.9611826292540836,0.0,1.5569923295699952,7.864995951874986,14.905276880032906,5.671697092608342,4,3.1406627604816606,0,9.233579787424564,False,True,False,False,False,False,False,13.92
0.9798567700958664,-0.1997015525660638,0.0,1.0309623179984866,1.0309623179984866,26.94235956292002,16.179261184181236,1,0.6873082119989911,0,10.763098378738785,False,False,True,False,False,False,False,0.0
